{"cameraMode":{"drawMode":0,"name":"Shaded","section":"Shading Mode"},"sceneLighting":false,"audioPlay":false,"sceneViewState":{"m_AlwaysRefresh":false,"showFog":true,"showSkybox":false,"showFlares":true,"showImageEffects":true,"showParticleSystems":true,"showVisualEffectGraphs":true,"m_FxEnabled":true},"in2DMode":false,"pivot":{"x":-0.20921021699905396,"y":-0.22608725726604463,"z":-1.940951943397522},"rotation":{"x":-0.28247377276420596,"y":0.17347542941570283,"z":-0.052002787590026858,"w":-0.9420691728591919},"size":0.8660253882408142,"orthographic":false}